{"meta": {"format": 2, "version": "7.5.4", "timestamp": "2025-06-21T20:24:09.932128", "branch_coverage": false, "show_contexts": false}, "files": {"backend/text_to_graph_pipeline/agentic_workflows/__init__.py": {"executed_lines": [0], "summary": {"covered_lines": 0, "num_statements": 0, "percent_covered": 100.0, "percent_covered_display": "100", "missing_lines": 0, "excluded_lines": 0}, "missing_lines": [], "excluded_lines": []}, "backend/text_to_graph_pipeline/agentic_workflows/debug_logger.py": {"executed_lines": [1, 6, 7, 8, 9, 10, 13, 14, 16, 23, 32, 33, 36, 52, 53, 55, 57, 67, 69, 70, 74, 76, 79, 80, 116, 118, 154, 162, 163, 165, 181, 182, 184, 186], "summary": {"covered_lines": 33, "num_statements": 91, "percent_covered": 36.26373626373626, "percent_covered_display": "36", "missing_lines": 58, "excluded_lines": 0}, "missing_lines": [18, 19, 20, 21, 72, 77, 82, 84, 85, 86, 88, 89, 90, 91, 93, 94, 97, 98, 99, 100, 101, 103, 104, 105, 106, 108, 110, 114, 129, 130, 132, 133, 135, 136, 137, 138, 140, 141, 142, 145, 146, 147, 148, 150, 151, 152, 190, 191, 193, 195, 203, 204, 205, 207, 222, 223, 225, 226], "excluded_lines": []}, "backend/text_to_graph_pipeline/agentic_workflows/graph.py": {"executed_lines": [1, 6, 8, 9, 10, 18, 27, 37, 38, 41, 49, 52, 59, 60, 63, 66, 68, 69, 70, 76, 78, 84, 87, 94, 95], "summary": {"covered_lines": 24, "num_statements": 24, "percent_covered": 100.0, "percent_covered_display": "100", "missing_lines": 0, "excluded_lines": 0}, "missing_lines": [], "excluded_lines": []}, "backend/text_to_graph_pipeline/agentic_workflows/llm_config.py": {"executed_lines": [], "summary": {"covered_lines": 0, "num_statements": 28, "percent_covered": 0.0, "percent_covered_display": "0", "missing_lines": 28, "excluded_lines": 0}, "missing_lines": [5, 6, 7, 8, 11, 12, 13, 14, 17, 18, 19, 22, 23, 27, 30, 33, 35, 37, 38, 44, 45, 51, 52, 59, 61, 62, 64, 66], "excluded_lines": []}, "backend/text_to_graph_pipeline/agentic_workflows/llm_integration.py": {"executed_lines": [1, 5, 6, 7, 8, 9, 10, 11, 14, 15, 26, 29, 36, 39, 46, 47, 48, 49, 50, 53, 75, 78, 131], "summary": {"covered_lines": 22, "num_statements": 67, "percent_covered": 32.83582089552239, "percent_covered_display": "33", "missing_lines": 45, "excluded_lines": 0}, "missing_lines": [19, 20, 55, 58, 59, 60, 61, 62, 63, 64, 65, 68, 69, 71, 94, 95, 96, 98, 99, 100, 106, 108, 110, 113, 120, 122, 123, 125, 126, 127, 128, 146, 147, 148, 154, 156, 158, 161, 168, 170, 171, 173, 174, 175, 176], "excluded_lines": []}, "backend/text_to_graph_pipeline/agentic_workflows/nodes.py": {"executed_lines": [1, 6, 7, 8, 9, 10, 12, 16, 19, 21, 23, 24, 25, 26, 27, 28, 29, 33, 34, 35, 69, 70, 71, 74, 77, 87, 90, 92, 93, 96, 97, 98, 99, 100, 102, 103, 109, 110, 111, 112, 113, 115, 116, 127, 130, 140, 143, 146, 147, 148, 151, 152, 155, 158, 160, 163, 187, 190, 198, 200, 203, 206, 209, 212, 213, 230, 231, 236, 239, 246, 253, 255, 257, 258, 259, 262, 265, 271, 273, 280, 284, 285, 286, 289, 300, 301, 302, 303, 305, 310, 316, 319, 326, 327, 328, 330, 331, 332, 335, 336, 339, 342, 343, 345, 347, 348, 349, 351, 354, 356, 370, 372], "summary": {"covered_lines": 111, "num_statements": 132, "percent_covered": 84.0909090909091, "percent_covered_display": "84", "missing_lines": 21, "excluded_lines": 23}, "missing_lines": [104, 105, 117, 119, 120, 121, 122, 123, 124, 216, 217, 218, 219, 220, 221, 222, 223, 226, 227, 232, 233], "excluded_lines": [36, 38, 39, 40, 41, 42, 45, 46, 48, 49, 52, 53, 54, 55, 56, 57, 58, 60, 61, 62, 63, 64, 65]}, "backend/text_to_graph_pipeline/agentic_workflows/pipeline.py": {"executed_lines": [1, 5, 7, 8, 9, 12, 13, 15, 22, 23, 24, 26, 36, 37, 42, 45, 59, 60, 63, 64, 65, 66, 67, 68, 70, 71, 74, 77, 80, 81, 82, 85, 86, 87, 89, 91, 92, 93, 99, 101, 102, 105, 107, 108, 109, 111, 113, 114, 115, 116, 117, 119, 120, 123, 140, 143, 144, 145, 146, 154], "summary": {"covered_lines": 58, "num_statements": 60, "percent_covered": 96.66666666666667, "percent_covered_display": "97", "missing_lines": 2, "excluded_lines": 0}, "missing_lines": [75, 103], "excluded_lines": []}, "backend/text_to_graph_pipeline/agentic_workflows/prompt_engine.py": {"executed_lines": [1, 8, 9, 10, 13, 14, 19, 20, 22, 29, 32, 34, 35, 36, 37, 39, 41, 42, 44, 45, 47, 48, 49, 52, 53, 57, 58, 62, 64, 66, 76, 77, 78, 79, 81, 83, 85, 96, 97, 101, 114, 116, 117, 118, 119, 121, 122, 126], "summary": {"covered_lines": 45, "num_statements": 55, "percent_covered": 81.81818181818181, "percent_covered_display": "82", "missing_lines": 10, "excluded_lines": 0}, "missing_lines": [60, 128, 144, 146, 147, 151, 152, 153, 154, 155], "excluded_lines": []}, "backend/text_to_graph_pipeline/agentic_workflows/schema_models.py": {"executed_lines": [1, 5, 6, 9, 10, 11, 12, 13, 16, 17, 18, 21, 22, 23, 24, 25, 26, 27, 30, 31, 32, 35, 36, 37, 38, 39, 40, 41, 42, 43, 44, 47, 48, 49], "summary": {"covered_lines": 27, "num_statements": 27, "percent_covered": 100.0, "percent_covered_display": "100", "missing_lines": 0, "excluded_lines": 0}, "missing_lines": [], "excluded_lines": []}, "backend/text_to_graph_pipeline/agentic_workflows/state.py": {"executed_lines": [1, 5, 6, 9, 10, 13, 14, 15, 18, 21, 24, 27, 30, 33, 34], "summary": {"covered_lines": 13, "num_statements": 13, "percent_covered": 100.0, "percent_covered_display": "100", "missing_lines": 0, "excluded_lines": 0}, "missing_lines": [], "excluded_lines": []}, "backend/text_to_graph_pipeline/agentic_workflows/state_manager.py": {"executed_lines": [1, 6, 7, 8, 9, 12, 13, 15, 22, 23, 24, 27, 28, 30, 32, 34, 36, 37, 39, 40, 41, 42, 43, 44, 45, 46, 48, 50, 59, 61, 62, 64, 65, 66, 67, 68, 70, 80, 87, 88, 90, 92, 93, 94, 96, 97, 99, 101, 104, 105, 108, 109, 110, 112, 114, 116, 117, 119, 125, 126, 128, 130, 131, 133, 134, 136, 137, 139, 141, 142, 144, 145, 147, 149, 156, 158, 159, 160, 161, 162, 164, 166, 171], "summary": {"covered_lines": 81, "num_statements": 81, "percent_covered": 100.0, "percent_covered_display": "100", "missing_lines": 0, "excluded_lines": 0}, "missing_lines": [], "excluded_lines": []}}, "totals": {"covered_lines": 414, "num_statements": 578, "percent_covered": 71.62629757785467, "percent_covered_display": "72", "missing_lines": 164, "excluded_lines": 23}}