{
  "schemaVersion": 1,
  "refreshedAt": "2026-05-25T03:46:42.613Z",
  "byCommunity": {
    "agent-runtime/api": 0,
    "agent-runtime/application": 0.20776255707762556,
    "app-config/__root__": 0,
    "app-config/positions": 0.75,
    "app-config/project": 0.6363636363636364,
    "app-config/settings": 0.75,
    "app-config/vault-config": 0.4,
    "graph-db-client/__root__": 0.46875,
    "graph-db-client/autoLaunch": 0.4444444444444444,
    "graph-db-client/client": 0.03773584905660377,
    "graph-db-protocol/__root__": 0.07692307692307693,
    "graph-db-server/__root__": 0,
    "graph-db-server/application": 0.1067193675889328,
    "graph-db-server/daemon": 0.44545454545454544,
    "graph-db-server/data": 0.27586206896551724,
    "graph-db-server/routes": 0.23076923076923078,
    "graph-db-server/search": 0,
    "graph-db-server/state": 0.1038961038961039,
    "graph-model/__root__": 0,
    "graph-model/pure": 0.02373887240356083,
    "graph-state/__root__": 0.22058823529411764,
    "graph-state/apply": 0,
    "graph-state/fixtures": 0,
    "graph-state/state": 0.08,
    "graph-tools/__root__": 0,
    "graph-tools/authoring": 0.2857142857142857,
    "graph-tools/commands": 0.3212121212121212,
    "graph-tools/core": 0.2857142857142857,
    "graph-tools/cytoscape": 0.30434782608695654,
    "graph-tools/debug": 0.23255813953488372,
    "graph-tools/lint": 0.16129032258064516,
    "graph-tools/live": 0.5,
    "graph-tools/view": 0.06289308176100629,
    "measures/__root__": 0,
    "measures/_runners": 0.42105263157894735,
    "measures/_shared": 0.267515923566879,
    "measures/_subgraph_gate": 0.12389380530973451,
    "measures/checks": 0,
    "measures/correctness": 0,
    "measures/health": 0,
    "observability/__root__": 0.4166666666666667,
    "perf-fixtures/__root__": 0.25,
    "share-worker/__root__": 0.3333333333333333,
    "vt-daemon/agents": 0.2692307692307692,
    "vt-daemon/config": 0.35294117647058826,
    "vt-daemon/create-graph": 0.021739130434782608,
    "vt-daemon/tools": 0.0970873786407767,
    "vt-fake-agent/__root__": 0.2692307692307692,
    "webapp/shell": 0.22357723577235772,
    "webapp/utils": 0.17647058823529413
  }
}
