{
  "schemaVersion": 1,
  "refreshedAt": "2026-05-24T09:29:36.834Z",
  "byCommunity": {
    "agent-runtime/api": 0,
    "agent-runtime/application": 0.2079207920792079,
    "app-config/__root__": 0,
    "app-config/positions": 0.75,
    "app-config/project": 0.6363636363636364,
    "app-config/settings": 0.75,
    "app-config/vault-config": 0.4,
    "graph-db-client/__root__": 0.46875,
    "graph-db-client/autoLaunch": 0.44047619047619047,
    "graph-db-client/client": 0.03773584905660377,
    "graph-db-protocol/__root__": 0.07692307692307693,
    "graph-db-server/__root__": 0,
    "graph-db-server/application": 0.10714285714285714,
    "graph-db-server/daemon": 0.4318181818181818,
    "graph-db-server/data": 0.27555555555555555,
    "graph-db-server/routes": 0.23684210526315788,
    "graph-db-server/search": 0,
    "graph-db-server/state": 0.05660377358490566,
    "graph-model/__root__": 0,
    "graph-model/pure": 0.02373887240356083,
    "graph-state/__root__": 0.22058823529411764,
    "graph-state/apply": 0,
    "graph-state/fixtures": 0,
    "graph-state/state": 0.08,
    "graph-tools/__root__": 0,
    "graph-tools/authoring": 0.2857142857142857,
    "graph-tools/commands": 0.3212121212121212,
    "graph-tools/core": 0.2857142857142857,
    "graph-tools/cytoscape": 0.30434782608695654,
    "graph-tools/debug": 0.23255813953488372,
    "graph-tools/lint": 0.16129032258064516,
    "graph-tools/live": 0.5,
    "graph-tools/view": 0.06716417910447761,
    "measures/__root__": 0,
    "measures/_runners": 0.42857142857142855,
    "measures/_shared": 0.2822085889570552,
    "measures/checks": 0.07518796992481203,
    "measures/health": 0,
    "share-worker/__root__": 0.3333333333333333,
    "vt-daemon/agents": 0.2692307692307692,
    "vt-daemon/config": 0.35294117647058826,
    "vt-daemon/create-graph": 0.021739130434782608,
    "vt-daemon/tools": 0.0970873786407767,
    "vt-fake-agent/__root__": 0.2692307692307692,
    "webapp/shell": 0.22382445141065832,
    "webapp/utils": 0.17647058823529413
  }
}
