{
  "schemaVersion": 1,
  "refreshedAt": "2026-05-26T03:46:45.008Z",
  "byCommunity": {
    "agent-runtime/api": 0,
    "agent-runtime/application": 0.20714285714285716,
    "app-config/__root__": 0,
    "app-config/positions": 0.75,
    "app-config/project": 0.6363636363636364,
    "app-config/settings": 0.75,
    "app-config/vault-config": 0.4,
    "graph-db-client/__root__": 0.4727272727272727,
    "graph-db-client/autoLaunch": 0.45454545454545453,
    "graph-db-client/client": 0.037037037037037035,
    "graph-db-protocol/__root__": 0.07692307692307693,
    "graph-db-server/__root__": 0,
    "graph-db-server/application": 0.10852713178294573,
    "graph-db-server/daemon": 0.4430379746835443,
    "graph-db-server/data": 0.27705627705627706,
    "graph-db-server/routes": 0.23076923076923078,
    "graph-db-server/search": 0,
    "graph-db-server/state": 0.05660377358490566,
    "graph-model/__root__": 0,
    "graph-model/pure": 0.02373887240356083,
    "graph-state/__root__": 0.22058823529411764,
    "graph-state/apply": 0,
    "graph-state/fixtures": 0,
    "graph-state/state": 0.08,
    "graph-tools/__root__": 0,
    "graph-tools/authoring": 0.2857142857142857,
    "graph-tools/commands": 0.30864197530864196,
    "graph-tools/core": 0.2857142857142857,
    "graph-tools/cytoscape": 0.30434782608695654,
    "graph-tools/debug": 0.23846153846153847,
    "graph-tools/lint": 0.16129032258064516,
    "graph-tools/live": 0.5,
    "graph-tools/view": 0.06716417910447761,
    "measures/_runners": 0.47058823529411764,
    "measures/_shared": 0.26993865030674846,
    "measures/_subgraph_gate": 0.11764705882352941,
    "measures/checks": 0,
    "measures/health": 0,
    "observability/__root__": 0.4166666666666667,
    "perf-fixtures/__root__": 0.25,
    "share-worker/__root__": 0.3333333333333333,
    "voicetree-mcp/agents": 0.2692307692307692,
    "voicetree-mcp/config": 0.35294117647058826,
    "voicetree-mcp/create-graph": 0.021739130434782608,
    "voicetree-mcp/tools": 0.0970873786407767,
    "vt-fake-agent/__root__": 0.2692307692307692,
    "webapp/shell": 0.22448979591836735,
    "webapp/utils": 0.17647058823529413
  }
}
