{
  "schemaVersion": 1,
  "refreshedAt": "2026-05-30T04:56:58.159Z",
  "byCommunity": {
    "app-config/__root__": 0,
    "app-config/positions": 0.3333333333333333,
    "app-config/project": 0.6363636363636364,
    "app-config/project-config": 0.2,
    "app-config/settings": 0.75,
    "code-graph-cli/__root__": 0,
    "code-graph-cli/commands": 0.13333333333333333,
    "code-graph-cli/format": 0,
    "code-graph-cli/graph": 0.5,
    "daemon-lifecycle/__root__": 0.3870967741935484,
    "graph-db-client/__root__": 0.5098039215686274,
    "graph-db-client/autoLaunch": 0.5142857142857142,
    "graph-db-client/client": 0.0392156862745098,
    "graph-db-protocol/__root__": 0.06666666666666667,
    "graph-db-server/__root__": 0,
    "graph-db-server/application": 0.07569721115537849,
    "graph-db-server/daemon": 0.38461538461538464,
    "graph-db-server/data": 0.2703862660944206,
    "graph-db-server/routes": 0.23076923076923078,
    "graph-db-server/search": 0,
    "graph-db-server/state": 0.05660377358490566,
    "graph-model/__root__": 0,
    "graph-model/pure": 0.020588235294117647,
    "graph-state/__root__": 0.22058823529411764,
    "graph-state/apply": 0,
    "graph-state/fixtures": 0,
    "graph-state/state": 0.08,
    "graph-tools/__root__": 0,
    "graph-tools/authoring": 0.2857142857142857,
    "graph-tools/commands": 0.3105590062111801,
    "graph-tools/core": 0.2857142857142857,
    "graph-tools/cytoscape": 0.30434782608695654,
    "graph-tools/debug": 0.23846153846153847,
    "graph-tools/lint": 0.16129032258064516,
    "graph-tools/live": 0.3902439024390244,
    "graph-tools/view": 0.06716417910447761,
    "measures/_runners": 0.37815126050420167,
    "measures/_shared": 0.19767441860465115,
    "measures/_subgraph_gate": 0.12096774193548387,
    "measures/checks": 0,
    "measures/duplication-extract": 0,
    "measures/duplication-fingerprints": 0.038461538461538464,
    "measures/duplication-lsh": 0.1,
    "measures/duplication-per-function": 0,
    "measures/duplication-ranking": 0.14285714285714285,
    "measures/duplication-workflow": 0.15,
    "measures/health": 0,
    "observability/__root__": 0.3333333333333333,
    "paths/__root__": 0.3333333333333333,
    "perf-fixtures/__root__": 0.25,
    "share-worker/__root__": 0.3333333333333333,
    "voicetree-bootcamp/__root__": 0.1891891891891892,
    "voicetree-bootcamp/drivers": 0.06666666666666667,
    "voicetree-bootcamp/scenarios": 0.40350877192982454,
    "voicetree-cli/__root__": 0.9,
    "voicetree-cli/commands": 0.2980392156862745,
    "voicetree-graph-validation/__root__": 0,
    "vt-daemon-client/__root__": 0.3333333333333333,
    "vt-daemon-client/autoLaunch": 0.36363636363636365,
    "vt-daemon-client/nodeEnsure": 0.1111111111111111,
    "vt-daemon-client/wrappers": 0,
    "vt-daemon-protocol/__root__": 0,
    "vt-daemon/__root__": 0,
    "vt-daemon/_shared": 0,
    "vt-daemon/agent-runtime": 0.19337016574585636,
    "vt-daemon/config": 0.04,
    "vt-daemon/create-graph": 0.023255813953488372,
    "vt-daemon/hooks": 0,
    "vt-daemon/lifecycle": 0.5263157894736842,
    "vt-daemon/observability": 0.47058823529411764,
    "vt-daemon/rpc": 0.1111111111111111,
    "vt-daemon/state": 0.058823529411764705,
    "vt-daemon/tools": 0.26,
    "vt-daemon/transport": 0.2328767123287671,
    "vt-fake-agent/__root__": 0.4117647058823529,
    "vt-rpc/__root__": 0.43478260869565216,
    "webapp/shell": 0.21324503311258278,
    "webapp/utils": 0.17647058823529413
  }
}
