{
  "schemaVersion": 1,
  "refreshedAt": "2026-05-24T09:29:37.385Z",
  "byCommunity": {
    "agent-runtime/api": 0,
    "agent-runtime/application": 0.3195608546806752,
    "app-config/__root__": 0,
    "app-config/positions": 0.1333333333333333,
    "app-config/project": 0.65,
    "app-config/settings": 0.33333333333333337,
    "app-config/vault-config": 0.050000000000000044,
    "graph-db-client/__root__": 0.5911688311688312,
    "graph-db-client/autoLaunch": 0.03785211267605626,
    "graph-db-client/client": 0.06882591093117418,
    "graph-db-protocol/__root__": 0.5277777777777778,
    "graph-db-server/__root__": 0.9642857142857143,
    "graph-db-server/application": 0.06372549019607843,
    "graph-db-server/daemon": 0.1797752808988764,
    "graph-db-server/data": 0.1332775102923731,
    "graph-db-server/routes": 0.1333333333333333,
    "graph-db-server/search": 0.625,
    "graph-db-server/state": 0.6549609810479375,
    "graph-model/__root__": 0.8236842105263158,
    "graph-model/pure": 0.740952380952381,
    "graph-state/__root__": 0.5029806259314455,
    "graph-state/apply": 0.5460829493087558,
    "graph-state/fixtures": 0.07586206896551717,
    "graph-state/state": 0.6586021505376345,
    "graph-tools/__root__": 0.4666666666666667,
    "graph-tools/authoring": 0.7123287671232876,
    "graph-tools/commands": 0.3222248765727027,
    "graph-tools/core": 0.8571428571428572,
    "graph-tools/cytoscape": 0.8205128205128205,
    "graph-tools/debug": 0.5396294526729309,
    "graph-tools/lint": 0.24468085106382986,
    "graph-tools/live": 0.17076023391812867,
    "graph-tools/view": 0.24431818181818188,
    "measures/__root__": 0.7,
    "measures/_runners": 0.027027027027026973,
    "measures/_shared": 0.6488372093023256,
    "measures/checks": 0.00207860922146641,
    "measures/health": 0.5,
    "share-worker/__root__": 0.625,
    "vt-daemon/agents": 0.020676691729323293,
    "vt-daemon/config": 0.2993311036789297,
    "vt-daemon/create-graph": 0.18119658119658122,
    "vt-daemon/tools": 0.14553191489361694,
    "vt-fake-agent/__root__": 0.72,
    "webapp/shell": 0.17247489663319548,
    "webapp/utils": 0.05882352941176472
  }
}
