{
  "schemaVersion": 1,
  "refreshedAt": "2026-05-24T09:29:36.852Z",
  "byCommunity": {
    "agent-runtime/api": -0.013815449803272206,
    "agent-runtime/application": -0.013815449803272206,
    "app-config/__root__": 0.12345679012345674,
    "app-config/positions": 0.12345679012345674,
    "app-config/project": 0.12345679012345674,
    "app-config/settings": 0.12345679012345674,
    "app-config/vault-config": 0.12345679012345674,
    "graph-db-client/__root__": 0.19768078889700513,
    "graph-db-client/autoLaunch": 0.19768078889700513,
    "graph-db-client/client": 0.19768078889700513,
    "graph-db-protocol/__root__": 1,
    "graph-db-server/__root__": 0.3592507804370448,
    "graph-db-server/application": 0.3592507804370448,
    "graph-db-server/daemon": 0.3592507804370448,
    "graph-db-server/data": 0.3592507804370448,
    "graph-db-server/routes": 0.3592507804370448,
    "graph-db-server/search": 0.3592507804370448,
    "graph-db-server/state": 0.3592507804370448,
    "graph-model/__root__": -0.036201029015661135,
    "graph-model/pure": -0.036201029015661135,
    "graph-state/__root__": -0.0018365472910927272,
    "graph-state/apply": -0.0018365472910927272,
    "graph-state/fixtures": -0.0018365472910927272,
    "graph-state/state": -0.0018365472910927272,
    "graph-tools/__root__": 0.17633136094674556,
    "graph-tools/authoring": 0.17633136094674556,
    "graph-tools/commands": 0.17633136094674556,
    "graph-tools/core": 0.17633136094674556,
    "graph-tools/cytoscape": 0.17633136094674556,
    "graph-tools/debug": 0.17633136094674556,
    "graph-tools/lint": 0.17633136094674556,
    "graph-tools/live": 0.17633136094674556,
    "graph-tools/view": 0.17633136094674556,
    "measures/__root__": -0.16187673130193903,
    "measures/_runners": -0.16187673130193903,
    "measures/_shared": -0.16187673130193903,
    "measures/checks": -0.16187673130193903,
    "measures/health": -0.16187673130193903,
    "share-worker/__root__": 1,
    "vt-daemon/agents": 0.30155063043308,
    "vt-daemon/config": 0.30155063043308,
    "vt-daemon/create-graph": 0.30155063043308,
    "vt-daemon/tools": 0.30155063043308,
    "vt-fake-agent/__root__": 1,
    "webapp/shell": 0,
    "webapp/utils": 0
  }
}
