{
  "_1.md": {
    "x": -423.4984742532766,
    "y": -518.9691047483768
  },
  "FunctionalDesignPhase1.md": {
    "x": -197.07399950100145,
    "y": -359.4077735556741
  },
  "Phase1-LoadGraphInMainProcess.md": {
    "x": 246.74871344224107,
    "y": 113.68888677866626
  },
  "wikilinks.md": {
    "x": 448.90584480648886,
    "y": 246.01442590040187
  },
  "node2.md": {
    "x": 187.1544074085623,
    "y": -79.08349623269191
  },
  "Phase2-WireUpEventHandlers.md": {
    "x": -385.83413358730786,
    "y": 86.05677153947461
  },
  "Phase3-RefactorRendererToSendActions.md": {
    "x": -15.709277162187957,
    "y": -235.11191494804697
  },
  "Phase3-Implementation-Summary.md": {
    "x": -210.4334125824175,
    "y": 209.46920722727097
  },
  "ESLint-Functional-Programming-Report.md": {
    "x": -51.35862902902371,
    "y": -18.636652343069333
  }
}