{
  "_1.md": {
    "x": -211.32207356537802,
    "y": -606.7636136887888
  },
  "Phase1-LoadGraphInMainProcess.md": {
    "x": 372.8915965123883,
    "y": 491.6486531804558
  },
  "wikilinks.md": {
    "x": 504.4907726122273,
    "y": 642.4333286853349
  },
  "node2.md": {
    "x": 223.13137459073735,
    "y": 358.884812292788
  },
  "Phase2-WireUpEventHandlers.md": {
    "x": -403.2271258559028,
    "y": -266.17020317163207
  },
  "Phase3-RefactorRendererToSendActions.md": {
    "x": -297.8846792147037,
    "y": -111.01443664367531
  },
  "Phase3-Implementation-Summary.md": {
    "x": 1.0808940778207443,
    "y": 70.30658061532468
  },
  "ESLint-Functional-Programming-Report.md": {
    "x": 520.8020830225266,
    "y": -248.95308849424873
  },
  "_2.md": {
    "x": -187.84804776513752,
    "y": -876.2408538974613
  },
  "FunctionalDesignPhase1.md": {
    "x": 62.27132111822518,
    "y": -524.2719489216419
  },
  "Task-RefactorToReaderMonad.md": {
    "x": -270.41910692217925,
    "y": 61.39347718138536
  },
  "Migration-NextSteps.md": {
    "x": -237.67585965082674,
    "y": -389.5826388594284
  }
}