{
  "__GHOST_ROOT__.md": {
    "x": 394.5,
    "y": 298
  },
  "1.md": {
    "x": 2.6544193061108388,
    "y": 0
  },
  "2.md": {
    "x": -198.09481050975987,
    "y": 89.82351530433262
  },
  "3.md": {
    "x": -104.02191554975916,
    "y": 324.7395120773444
  },
  "4.md": {
    "x": 102.25401945807947,
    "y": -285.974194109188
  },
  "ESLint-Functional-Programming-Report.md": {
    "x": -102.44720801193388,
    "y": 616.5569094046674
  },
  "FunctionalDesignPhase1.md": {
    "x": 158.65756935763397,
    "y": 277.6223736949494
  },
  "Migration-NextSteps.md": {
    "x": -132.24789117526697,
    "y": 460.65550785035634
  },
  "PHASE2_IMPLEMENTATION_SUMMARY.md": {
    "x": 215.15442030611084,
    "y": 130.66259505460093
  },
  "Phase1-LoadGraphInMainProcess.md": {
    "x": -73.93377120918647,
    "y": -603.506275470848
  },
  "Phase2-WireUpEventHandlers.md": {
    "x": -208.84558169388916,
    "y": -148.13377038479845
  },
  "Phase3-Implementation-Summary.md": {
    "x": -145.2508324266186,
    "y": -279.0885611227122
  },
  "Phase3-RefactorRendererToSendActions.md": {
    "x": 199.01144097310808,
    "y": -131.2946906345301
  },
  "Task-RefactorToReaderMonad.md": {
    "x": -26.682111015547065,
    "y": -440.3085788400229
  },
  "_1.md": {
    "x": 0,
    "y": 0
  },
  "_2.md": {
    "x": -198.09481050975987,
    "y": -25.156374515841577
  },
  "_3.md": {
    "x": -138.60339037439553,
    "y": 204.80340512450684
  },
  "_4.md": {
    "x": 197.25512052381396,
    "y": -0.31729476557327985
  }
}